FIPS,tabled,tdisabled,D_biep_Abled_Good_all
10001,7.0,7.625,0.606149847867439
10003,7.84,8.24,0.555806491611454
10005,7.33333333333333,7.0,-0.115561490787811
1001,7.33333333333333,7.33333333333333,0.723671445958345
1005,8.2,7.2,0.626387245503475
1007,7.0,7.0,0.2217891618232
1009,9.0,9.0,0.640537883554752
1011,10.0,10.0,-0.410807564089395
1015,6.4545454545454515,5.63636363636364,0.754466771665583
1017,5.0,5.0,-0.632011241738234
1029,8.0,7.0,-0.35547920120114096
1031,8.6,9.0,0.6829852763177391
1033,10.0,10.0,0.692240583104772
1035,10.0,10.0,1.1679787699209598
1039,7.5,8.0,0.6723380380481919
1043,9.0,8.0,1.04688880605083
1045,5.8,7.0,0.568939529577531
1049,6.5,8.0,0.88170273158503
1051,5.0,8.5,0.406707631218416
1053,7.33333333333333,7.33333333333333,0.240400096171714
1055,7.33333333333333,7.66666666666667,0.907358323336974
1061,7.25,7.0,0.4633796405331699
1067,8.0,8.0,0.934653150731589
1069,7.6,8.0,0.376642587718386
1071,7.0,7.0,0.435546726391646
1073,7.375,7.09375,0.61030774513598
1081,7.0,7.61538461538461,0.44855273738066703
1083,9.0,9.0,0.704874420834578
1089,6.6,8.2,0.370108584771869
1097,7.58333333333333,7.5,0.5336993571396129
1099,9.5,9.5,0.525682567820479
11001,7.289256198347111,7.40495867768595,0.425141669519849
1101,7.5,8.16666666666667,0.28710977949880395
1109,7.60416666666667,6.75,0.702502487038269
1111,6.0,1.0,1.3709569844838998
1113,10.0,10.0,1.11296736171474
1115,5.0,5.0,-0.301421979371584
1117,7.8,5.8,0.619380701439161
1123,6.75,7.5,0.37440674888293496
1125,8.47619047619048,7.47619047619048,0.443178419352459
1129,9.0,9.0,0.714114669287032
12001,7.28571428571429,6.928571428571429,0.4860971788236421
12005,8.0,8.33333333333333,-0.0922844440432897
12007,5.0,5.0,0.280612348437643
12009,8.6,6.4,0.854598925735619
12011,7.741379310344829,7.37931034482759,0.429800607103877
12015,7.0,8.0,0.0524566246003984
12017,8.0,8.0,0.816324906874232
12019,8.0,8.09090909090909,0.41916346394640297
12031,7.4,7.28571428571429,0.547763170944306
12033,7.625,7.25,0.435083312304807
12051,5.0,5.0,-0.200811262358381
12053,9.5,10.0,1.06055017237873
12055,7.5,7.5,0.580073490741459
12057,7.53846153846154,7.48076923076923,0.510377193526795
12061,8.0,9.5,0.6806434661613641
12069,7.0,7.5,0.819170934391806
12071,7.6,7.9,0.3824810692389921
12073,7.93103448275862,7.48275862068965,0.501090952189012
12081,7.0,7.8,0.515728661406869
12083,9.0,9.0,1.09515846513931
12086,7.5,7.6555555555555586,0.5145568634758989
12089,8.0,10.0,0.41379356405845896
12091,8.33333333333333,7.66666666666667,-0.008386826836227709
12095,7.0625,7.125,0.468865561784137
12097,7.2,7.4,0.567029117471163
12099,6.61904761904762,6.71428571428571,0.495452391399633
12101,6.75,6.875,0.539251366433642
12103,7.08,7.72,0.511235880804906
12105,7.75,7.33333333333333,0.5537299761964761
12109,8.6,9.0,0.35206867058341296
12111,5.0,5.0,0.366229934764346
12113,7.71428571428571,8.28571428571429,0.606705853817616
12115,7.16666666666667,6.0,0.43511884213631
12117,7.25,7.41666666666667,0.418956205700396
12119,7.0,7.0,0.4731286156249121
12121,5.0,5.0,0.582471777773889
12127,7.33333333333333,7.55555555555556,0.436077175853968
12131,7.5,7.5,0.884724971536234
13013,5.5,5.5,0.5880459934719561
13015,10.0,10.0,0.405710092403265
13021,7.85,7.8,0.585778821363035
13025,8.0,8.0,0.34220370469439193
13031,9.0,7.5,0.382802837581158
13033,8.125,8.125,0.6197541791331099
13039,9.0,8.33333333333333,0.59393945539153
13045,7.59090909090909,7.13636363636364,0.476897819871094
13051,7.857142857142861,8.0,0.493336659349774
13055,10.0,10.0,0.5490845804687821
13057,6.888888888888888,7.111111111111112,0.488549076416021
13059,7.5,7.41304347826087,0.466473532029043
13063,8.25,8.75,0.596455662976897
13067,7.47222222222222,7.47222222222222,0.549449209602025
13069,8.33333333333333,8.66666666666667,0.834468047097566
13073,8.18181818181818,7.09090909090909,0.631945674915929
13089,7.571428571428571,7.428571428571429,0.6002737738556789
13093,5.0,5.0,-0.0186871905688233
13095,5.0,5.5,0.155617145185415
13097,7.571428571428571,7.0,0.48794295382762
13099,7.8,8.0,0.4028484015222569
13113,8.28571428571429,6.857142857142861,0.36705099273459496
13115,5.0,6.0,0.135917299291888
13117,8.142857142857139,8.0,0.6214173652082571
13121,7.361111111111112,7.66666666666667,0.607431585889089
13131,7.5,9.5,0.7143732029216311
13135,6.90909090909091,7.09090909090909,0.548290213262423
13139,8.0,9.0,0.799741579856481
13149,10.0,10.0,0.6276511747649011
13151,7.5,7.5,-0.182491158982079
13153,6.16666666666667,6.83333333333333,0.688166192706283
13157,8.0,7.0,0.706036266691957
13161,8.0,7.0,0.60955035196221
13167,9.0,9.0,0.2858295026454929
13175,8.0,7.5,0.98329928886421
13181,7.0,5.0,0.85092265439715
13185,7.72727272727273,7.59090909090909,0.7083903625615379
13187,8.0,10.0,0.532139684050213
13197,9.0,9.0,0.7455262742787242
13201,6.0,7.0,0.6000452745167161
13205,5.0,5.0,1.42200926246522
13211,5.5,5.5,0.8556061375053579
13215,6.2,6.6,0.5817447686677769
13219,9.0,8.0,0.299488158379578
13223,7.0,8.25,0.672908834455953
13225,8.5,8.25,0.36967205788156704
13245,7.111111111111112,7.55555555555556,0.711124694991543
13247,6.5,6.5,0.533883817177731
13255,6.66666666666667,7.66666666666667,0.14111500592411902
13261,9.0,9.0,0.5500443182825021
13275,9.0,9.0,0.75224886549375
13277,8.0,7.33333333333333,1.02074708632671
13293,8.5,7.5,0.7546736338903771
13295,5.0,5.0,0.593056308541808
13297,10.0,10.0,0.676932184263175
13299,6.66666666666667,7.33333333333333,0.4349582946367629
13303,10.0,10.0,1.36828690306086
13313,5.0,6.33333333333333,0.35090689957476
13321,8.0,8.0,0.3499814648444841
15001,8.33333333333333,9.0,0.103259903771176
15003,7.5,7.8125,0.47492049245383
15007,9.0,9.0,0.7842138046277621
15009,7.0,6.0,0.219493425799156
16001,7.627450980392162,7.86274509803922,0.498514222584756
16005,8.4,7.4,0.600757660832564
16011,7.0,4.0,0.757118075077674
16019,6.0,5.66666666666667,0.3097352890452019
16027,6.46153846153846,6.307692307692308,0.348552485906089
16037,6.0,8.0,0.590717293507114
16045,5.0,4.0,1.20949316499814
16051,10.0,10.0,0.153995456301618
16053,5.0,9.0,0.0243357133617821
16055,8.16666666666667,7.66666666666667,0.621129168136987
16057,7.06666666666667,6.73333333333333,0.519601084872793
16065,8.33333333333333,7.66666666666667,0.633978611655714
16069,9.0,8.5,0.99655478153787
16085,7.0,7.0,-0.225505988621668
17001,6.0,7.0,0.209277057320844
17007,8.85714285714286,9.14285714285714,0.19234462775732894
17017,5.0,6.0,0.520343538240171
17019,7.68965517241379,7.6551724137931005,0.394840358335817
17021,7.66666666666667,7.66666666666667,0.338502544812468
17023,6.0,8.0,0.890429722825266
17025,9.0,6.0,0.9015522168924168
17027,7.5,7.83333333333333,0.541607259404053
17029,8.0,9.0,0.146252318153722
17031,7.43031784841076,7.39364303178484,0.5185539817681329
17033,9.0,7.5,0.510172740554538
17035,5.0,7.0,-0.571678625441948
17037,7.78947368421053,7.78947368421053,0.451758690264014
17039,7.0,7.0,0.46774895551496
17041,6.0,6.5,0.129575420251348
17043,7.754716981132081,7.613207547169808,0.491751784774865
17045,9.5,10.0,0.912585539979624
17049,8.0,7.0,0.771995800858511
17053,9.0,9.0,0.646397961936412
17055,6.5,8.5,0.258170002998006
17057,9.0,9.5,0.7992370162166241
17059,7.0,6.5,0.19724094995648606
17063,8.0,7.0,0.7357081196363041
17065,5.0,5.0,0.7487413229866741
17069,9.0,9.0,0.13373952634309
17075,9.5,9.5,1.14275422219577
17077,7.571428571428571,7.28571428571429,0.565773279498347
17079,9.0,8.5,0.724390653822712
17083,7.428571428571429,6.857142857142861,0.333416434324214
17085,8.75,8.0,0.653364045504189
17089,7.1,7.25,0.641741161688357
17091,7.75,7.5,0.290840818434
17093,9.0,7.33333333333333,0.53491146563703
17095,6.66666666666667,7.33333333333333,0.3846209488190921
17097,7.88636363636364,7.56818181818182,0.519154499518543
17099,5.0,6.0,0.90468183644926
17101,8.5,10.0,0.5879168770750429
17103,7.25,6.75,0.35127639587968795
17107,9.33333333333333,8.66666666666667,0.9651765846719128
17109,8.0,8.75,0.7201091334233279
17111,7.125,7.0,0.468754600562361
17113,7.307692307692308,7.61538461538461,0.570009043587702
17115,7.73913043478261,7.95652173913043,0.6632725608748579
17119,8.27777777777778,7.16666666666667,0.556730237724428
17125,8.0,8.0,0.405804436600177
17129,5.0,5.0,0.708870863008966
17133,6.25,5.0,0.55704615165862
17135,10.0,10.0,-0.115058186732889
17137,8.5,8.5,0.559283542791494
17139,10.0,10.0,-0.0600698799355385
17141,8.0,8.0,0.605153110502066
17143,7.941176470588241,7.64705882352941,0.5623818929766379
17147,7.33333333333333,8.0,0.178666241766092
17155,5.0,5.0,0.178269620948583
17157,7.0,9.0,0.4701803843905471
17161,7.83333333333333,7.16666666666667,0.506170971261504
17163,7.55555555555556,7.55555555555556,0.43024383894207296
17165,6.66666666666667,7.83333333333333,0.806296136127442
17167,7.9,8.3,0.06329301336132401
17177,4.5,7.0,0.267804580255302
17179,6.9,7.7,0.452166812288926
17183,7.66666666666667,8.33333333333333,-0.256398014670225
17187,8.0,8.0,1.3288400118668302
17191,10.0,9.0,0.8369853534079591
17195,7.28571428571429,7.428571428571429,0.5917435308701179
17197,7.90322580645161,8.09677419354839,0.6267354777407139
17199,8.0,8.0,-0.275032649421754
17201,7.392857142857139,7.0,0.461085251114111
17203,5.0,6.66666666666667,0.310451207840227
18003,7.10526315789474,7.08771929824561,0.5425637306736251
18005,7.125,7.125,0.7078565044355128
18007,5.0,5.0,-0.641483572928141
18011,8.86666666666667,8.0,0.43727185497301296
18017,5.0,5.0,0.370538160936606
18019,8.0,7.857142857142861,0.568543323798077
18021,7.8,7.0,0.367723186301586
18023,5.0,9.0,1.19738509913332
18027,8.0,8.0,0.430946274991671
18029,8.142857142857139,8.428571428571429,0.3739825061950061
18033,5.75,5.75,0.3811410445874711
18035,8.0625,7.25,0.470758648270561
18037,7.5,7.0,0.355715057293534
18039,8.0,7.0,-0.0742377874569949
18043,6.857142857142861,6.857142857142861,0.5859559408424
18045,7.0,6.5,0.254448288456996
18051,8.0,7.0,0.7307181991201779
18053,8.4,8.6,0.497058752446365
18055,7.0,6.5,0.0223630290774096
18057,8.2,8.51428571428571,0.6303577398381811
18061,5.0,5.0,1.13931117284473
18063,8.16666666666667,8.0,0.53584116162175
18065,7.66666666666667,8.33333333333333,0.8579855175987511
18067,7.71428571428571,8.28571428571429,0.4705475000048711
18069,8.8,7.4,0.266010047074683
18071,8.0,7.0,1.00750359993332
18081,8.45454545454546,8.09090909090909,0.486174949262469
18083,9.0,8.0,0.473791072491464
18085,8.25,8.0,0.334700209572921
18087,8.0,5.5,0.60264995492866
18089,8.14814814814815,7.96296296296296,0.6471134562107421
18091,8.8,8.6,0.464006015583307
18093,8.08333333333333,7.58333333333333,0.768029108332711
18095,8.83333333333333,9.0,0.5506766639934809
18097,7.771084337349402,7.59036144578313,0.43197768103232304
18105,8.17741935483871,8.2741935483871,0.5818997824240699
18107,8.0,8.0,-0.163677397414706
18109,9.0,10.0,0.349486252231613
18113,5.0,5.0,0.7449131586918929
18121,10.0,9.0,1.14335010243251
18127,8.0,7.888888888888888,0.790799599050557
18129,8.0,9.0,0.468409636510947
18131,7.0,7.0,0.980420327667658
18133,9.0,9.0,0.0866205563970461
18137,8.0,7.5,0.385242703647434
18139,8.0,8.0,0.27695957827760603
18141,7.55555555555556,7.111111111111112,0.569987873599957
18143,8.0,8.0,0.188561094433689
18145,5.0,5.0,1.04485938550552
18147,8.0,9.0,0.993231956571271
18151,10.0,6.0,0.477370332579061
18157,7.68965517241379,7.79310344827586,0.457385087747573
18161,6.0,5.66666666666667,0.524931353421139
18163,7.294117647058821,7.0,0.7873505443759
18165,8.0,8.0,1.29703682303306
18167,7.86666666666667,8.46666666666667,0.673422806124251
18173,5.66666666666667,6.66666666666667,0.467845809964726
18177,7.66666666666667,7.33333333333333,0.259605608167898
18179,7.0,7.0,0.614302773959188
18183,7.16666666666667,7.0,0.434506834599215
19005,6.5,5.5,0.35170701879914
19013,7.625,7.5,0.521163280129975
19015,7.0,7.66666666666667,0.370779981112009
19017,7.33333333333333,7.33333333333333,0.775339091308758
19021,7.36363636363636,7.27272727272727,0.276175188295432
19023,8.0,7.5,0.11596148874557
19027,7.0,7.5,0.19354829802771
19029,8.0,6.0,-0.0600762332893597
19033,4.0,4.0,0.825683135277478
19037,9.0,8.0,0.360864862980826
19039,5.0,5.0,-0.1347153975841
19041,10.0,10.0,0.702470805494117
19043,9.33333333333333,9.66666666666667,0.844386282461807
19045,8.0,8.0,0.24239040313230306
19047,8.0,10.0,0.595881582526022
19049,7.4,7.2,0.2608648719265489
19055,10.0,7.0,-0.0503996111069543
19057,7.0,8.5,1.03888184659794
19059,9.0,9.0,0.504428555540565
19061,8.0,7.5,0.7153305544151841
19065,7.5,7.0,0.799317014204136
19073,9.0,7.0,0.29116317657953994
19083,7.5,6.0,0.35686793497434205
19089,9.0,9.0,0.297281877429199
19093,9.0,9.25,0.518297246696004
19099,7.0,7.0,0.638313294131634
19103,7.86301369863014,7.50684931506849,0.499377741678684
19105,10.0,10.0,0.8788751829474509
19111,7.0,6.5,0.9097920926779072
19113,7.5217391304347805,7.08695652173913,0.531163056747213
19121,9.0,9.5,0.131519338230128
19123,8.0,8.0,0.8907607195264808
19127,7.33333333333333,7.33333333333333,0.39973518836865096
19129,5.0,8.0,0.27257206197335104
19133,9.0,10.0,0.623745003435499
19139,5.0,6.0,0.44419405415159496
19149,6.5,6.5,0.09427674189164302
19153,8.06521739130435,8.14130434782609,0.57518986253504
19155,8.66666666666667,9.0,0.232489614572822
19157,9.0,6.0,0.820806838259078
19163,8.0,8.5,0.590782434118469
19165,7.66666666666667,7.33333333333333,0.6834734946586091
19167,9.0,8.0,0.682035112771124
19169,7.27272727272727,7.31818181818182,0.496541954292517
19171,8.0,10.0,1.15767008129402
19173,8.0,10.0,0.8807524500679141
19179,10.0,10.0,0.922013292540641
19181,8.8,8.6,0.419029700119199
19183,4.0,4.0,0.901689058968912
19187,9.0,7.0,0.369660302205838
19189,5.0,9.0,-0.559413120417181
19191,8.0,6.75,0.735750380459026
19193,7.428571428571429,7.857142857142861,0.465116401376735
19195,8.0,8.0,-0.238244133882558
20001,7.0,8.0,0.987275073901462
20003,9.0,8.75,0.315319503629653
20005,8.5,8.5,0.227809385380068
20009,10.0,10.0,0.8839126885224009
20013,9.0,8.0,0.23210058865718
20015,7.71428571428571,7.428571428571429,0.39767080058641
20021,4.0,6.0,0.32314204266935304
20027,8.0,6.0,0.3708676098617321
20029,9.0,9.33333333333333,0.610990660357786
20035,8.5,7.25,0.35917371000377
20037,8.5,8.5,0.4260671220144861
20039,8.0,8.0,1.00728897962958
20043,9.0,10.0,0.6857055192902111
20045,7.79166666666667,7.91666666666667,0.469620547719902
20051,9.0,9.0,0.25257644736878804
20055,9.0,10.0,-0.459011486441317
20059,8.0,9.0,-0.222531223281792
20061,8.25,7.75,0.269318161543511
20079,9.5,9.0,0.4949909001023339
20087,8.0,4.0,1.23554904736469
20091,7.83783783783784,7.378378378378379,0.454796958335775
20099,8.5,9.0,0.286310195760197
20103,8.11111111111111,7.77777777777778,0.42193148910683
20111,6.75,6.75,0.4628915743734841
20113,5.0,5.0,0.8154542304251771
20117,5.0,5.0,0.362164283867291
20121,7.5,9.5,0.88883703217993
20125,8.33333333333333,7.0,0.886587704251198
20133,5.5,5.5,0.611549161707787
20135,9.0,8.0,0.326231264218669
20145,10.0,10.0,0.209483047386358
20149,8.2,9.0,0.61407145120825
20155,8.33333333333333,8.33333333333333,0.250136955819366
20161,8.26086956521739,7.8695652173913,0.4691616910503571
20167,7.5,8.0,0.782732085165697
20169,9.0,8.0,0.625418460441802
20173,8.04545454545454,7.9545454545454515,0.593397375375182
20175,6.5,6.5,0.4868940380926901
20177,7.4,7.06666666666667,0.6727886190420028
20189,5.0,5.0,0.0202268296767499
20191,6.5,6.5,0.956199215844275
2020,7.357142857142861,6.857142857142861,0.275914136618593
20205,8.0,8.0,0.6623733596990949
20209,6.428571428571429,6.71428571428571,0.35609684566588296
2050,7.0,6.0,1.29452157794654
2090,7.16666666666667,7.0,0.8280579672208049
21001,9.0,9.0,0.192949675983126
21003,10.0,10.0,0.3120474131252769
21005,6.5,8.0,0.41781499248391496
21015,9.285714285714286,7.857142857142861,0.7726314393416551
21019,5.0,5.0,0.350982043046086
21021,5.0,5.0,0.3558414396839029
21027,9.0,9.0,0.541761302066452
21029,7.66666666666667,8.33333333333333,0.413282423774505
21031,4.0,9.0,0.723154195729462
21033,9.0,8.66666666666667,0.13900713961761402
21035,8.0,8.0,0.4001649298798231
21037,7.571428571428571,7.71428571428571,0.326102693375148
21041,5.0,5.0,1.05085657920643
21047,7.923076923076921,7.923076923076921,0.66512639919522
21049,8.66666666666667,7.33333333333333,0.8433079516892059
21053,6.0,6.0,-0.33515409031497995
21059,8.571428571428571,8.85714285714286,0.645405785854553
21065,10.0,7.0,-0.815218507194805
21067,7.857142857142861,7.69387755102041,0.526905307538762
21071,6.0,8.0,0.4831608663052141
21073,6.66666666666667,6.33333333333333,-0.0247771970295291
21083,6.0,2.0,0.9067716151307248
21087,8.0,7.0,0.9754340124455072
21089,8.0,5.0,0.5985557096032541
21093,7.6,7.6,0.30007040116418393
21097,4.0,5.0,0.0914716598954154
2110,7.66666666666667,8.66666666666667,-0.0198495319373814
21101,7.25,8.0,0.5845281942243841
21103,8.0,8.0,0.774411254059477
21107,9.0,9.33333333333333,0.5601356945467459
21111,7.64,7.56,0.6363059414481961
21113,6.5,8.5,-0.130051031263609
21117,7.91666666666667,7.83333333333333,0.4053984747542229
21123,5.0,5.0,0.4351365359737601
21125,9.0,7.0,0.5765064580628471
21131,7.5,7.5,0.854892734671025
21141,10.0,10.0,-0.911442337426375
21145,9.2,8.6,0.23474369304381695
21151,7.25,6.83333333333333,0.7146036421596842
21157,7.33333333333333,8.0,0.170762835077475
21159,5.0,5.0,1.0771649988743102
21161,9.0,9.0,1.13164134636789
21163,5.0,4.0,-0.3937372541935921
21177,7.33333333333333,7.33333333333333,0.247737765426075
21179,8.0,8.25,0.726258434555304
21185,7.571428571428571,7.571428571428571,0.592765919542854
21193,7.5,7.5,0.7541319014994091
21205,6.66666666666667,6.66666666666667,0.655277258101089
21207,10.0,10.0,0.04851815471846
21209,9.0,9.0,0.645910715547554
21215,10.0,10.0,0.9510339153731948
21219,9.0,9.0,0.528872894123863
2122,8.0,7.0,0.810455248634706
21221,10.0,10.0,1.05229217791572
21227,7.72,7.28,0.471846795987324
21229,5.0,5.0,0.909658402308454
21233,9.0,10.0,1.05605461837739
21239,6.5,6.5,0.240547877170228
2130,7.0,8.0,-0.393455392869934
2170,8.0,8.5,0.636581124910938
2185,4.0,9.0,-0.193067089281202
22013,9.0,9.0,0.7994953499236409
22015,8.23076923076923,8.384615384615389,0.811393314107748
22017,8.0,7.857142857142861,0.6687031010152261
22029,5.0,5.0,1.01442147950213
22031,9.5,3.5,0.9199941593396508
22033,7.64,6.96,0.421998608281455
22045,5.0,5.0,-0.144965483779966
22047,8.0,8.0,0.0790111550785796
22051,7.77777777777778,7.33333333333333,0.664086569316349
22055,6.75,6.125,0.6541269060141159
22057,8.0,8.0,0.757288017687736
22061,7.8148148148148096,7.40740740740741,0.65200936033274
22063,7.0,6.5,0.46239103341931
22071,7.65217391304348,7.8695652173913,0.389728987751295
22073,8.16666666666667,7.5,0.742262761094487
22079,8.0,8.5,1.04780509048695
22087,8.0,8.0,0.2742211588866
22089,7.75,6.0,0.41429091477112
22093,7.0,8.0,0.180658236828525
22103,6.428571428571429,7.142857142857139,0.597405523715086
22105,7.0,4.0,1.1504183354795
22111,8.0,7.0,0.607902075006244
22113,9.5,8.5,0.383360444245634
22115,10.0,10.0,0.607726618785452
22119,7.0,6.0,0.513048372902259
2220,5.0,10.0,0.375312322587111
2270,9.0,4.0,0.82697955532248
2280,5.0,5.0,0.30692315357293704
23001,7.28571428571429,7.0,0.456938125048751
23003,9.0,9.0,0.111448696405263
23005,6.923076923076921,6.6153846153846105,0.6948461490004599
23007,8.0,8.0,1.30509735875751
23009,7.0,7.0,0.26444277229341195
23011,6.4545454545454515,6.4545454545454515,0.6265885347234339
23013,5.0,9.0,0.6882550753729101
23015,5.0,8.0,0.958331926793992
23017,8.0,8.0,0.6866534008324611
23019,7.26315789473684,7.42105263157895,0.130910016792904
23023,7.0,9.0,0.162429808681401
23025,9.0,8.0,0.630381550220958
23027,5.0,5.5,0.0853262745121098
23031,7.93333333333333,7.8,0.668338693745912
24003,7.081081081081082,6.810810810810809,0.621817616805171
24005,7.6551724137931005,7.77586206896552,0.570214041497099
24009,7.2,7.1,0.728181909785202
24013,8.0,7.55555555555556,0.392519613154134
24015,7.75,8.5,0.140640172916404
24017,7.83333333333333,6.83333333333333,0.392958711565109
24019,9.33333333333333,9.33333333333333,0.858913817209961
24021,8.22222222222222,7.16666666666667,0.575704966980819
24025,7.75,7.5,0.798085038154999
24027,7.1851851851851904,6.7037037037037015,0.6183511851943
24029,5.0,5.0,-0.18060636083875894
24031,7.28865979381443,7.39795918367347,0.497997706676295
24033,7.7,7.95,0.491233289107809
24035,6.0,7.66666666666667,0.303435987431846
24037,8.0,8.25,0.516273088973484
24041,5.0,5.0,0.19075438796744
24043,8.66666666666667,8.0,0.9746365190096092
24045,7.0,6.75,1.06350672086613
24510,7.271604938271611,7.65432098765432,0.497138880929199
25001,6.625,6.875,0.15616174091962
25005,7.73333333333333,7.77777777777778,0.462742717241267
25007,5.0,5.0,1.28590834598184
25009,7.515625,7.625,0.566188748715069
25013,7.72727272727273,7.52727272727273,0.481913542750386
25017,7.45833333333333,7.392361111111112,0.485686895386339
25021,7.20224719101124,7.23595505617978,0.628618076520903
25023,8.13207547169811,7.47169811320755,0.600764857310557
25025,7.542857142857139,7.347517730496451,0.44149955653423
25027,7.6304347826087,7.48913043478261,0.534129865700158
26005,6.0,5.33333333333333,0.5795833369596178
26015,7.5,7.0,0.418291585723883
26017,9.0,8.5,0.475811854957171
26021,10.0,8.33333333333333,0.476505992090326
26023,10.0,10.0,0.529787700103492
26025,7.66666666666667,7.5,0.5522705327295021
26029,5.0,4.0,1.18203567280854
26031,8.4,8.2,0.646959342363817
26041,8.0,8.0,0.7739743334946241
26045,7.875,7.625,0.67574160544155
26047,8.33333333333333,6.66666666666667,0.748481203571977
26049,7.0,7.423076923076921,0.577017205354355
26055,7.0,6.5,0.736599829892009
26057,6.75,6.0,0.57684990890675
26059,5.0,5.0,1.00995043870251
26061,8.5,7.0,0.591864780206885
26065,7.2962962962962985,7.074074074074072,0.495857643755251
26067,7.2,8.0,0.502768624967938
26073,7.1,6.9,0.7863109340988059
26075,8.66666666666667,7.33333333333333,0.44306725386722
26077,7.46052631578947,7.25,0.6279091549021341
26081,7.759036144578309,7.26506024096386,0.5685341766981701
26087,9.0,9.0,0.3729138649554601
26091,6.0,6.33333333333333,0.518773889879215
26093,6.1,6.6,0.4204249776474861
26099,7.6,8.33333333333333,0.437215782230149
26101,9.0,9.0,1.07712521534432
26103,6.25,7.0,0.556799246100352
26105,8.0,8.0,0.8761806471553509
26107,7.0,8.0,0.4895821034058621
26109,5.0,5.0,0.63173232468717
26111,7.13636363636364,6.18181818181818,0.44151066914593
26113,7.0,8.0,0.23661613092815306
26115,7.888888888888888,9.222222222222221,0.504710521351659
26117,8.5,8.5,-0.029410296100546
26121,7.5,7.5,0.6253418071526999
26123,9.5,9.0,0.28286150604403903
26125,8.0,7.887096774193551,0.460904652455717
26127,7.33333333333333,10.0,0.512840084475559
26131,8.0,7.0,0.231203653340839
26137,9.0,9.0,0.60824361982065
26139,7.96969696969697,7.5454545454545485,0.634018797622282
26145,7.55555555555556,6.888888888888888,0.285969593420495
26147,7.588235294117651,6.82352941176471,0.560485037480616
26151,8.0,7.0,0.3841203464861209
26155,9.0,9.0,0.3411016553481
26157,9.0,9.0,0.6343095261630121
26159,7.0,6.5,0.13947622313949498
26161,7.33333333333333,7.38095238095238,0.534913833540733
26163,7.76829268292683,7.73170731707317,0.4905244837771989
26165,5.0,5.0,0.2513008167859589
27003,7.19047619047619,8.0,0.525764908476714
27005,10.0,10.0,-0.35676977872685106
27009,8.75,8.75,0.222387243462768
27013,8.0,8.28571428571429,0.27003288988259
27015,8.0,8.0,1.2423639971427098
27017,8.375,7.625,0.5840247880219129
27019,8.125,7.25,0.622681381101838
27021,9.5,9.5,0.8395233586626331
27023,8.0,8.5,-0.342467559703667
27025,7.0,7.8,0.342744015283733
27027,10.0,8.0,0.8962333720449058
27035,7.75,8.0,0.37622680685164506
27037,7.5135135135135105,7.32432432432432,0.497683479997555
27039,8.0,8.0,0.8403114307653299
27041,7.5,5.0,0.847073120551009
27045,10.0,10.0,-0.253322444840907
27047,6.66666666666667,6.66666666666667,0.28449447567105896
27049,6.75,6.25,0.7714312702185351
27053,7.48636363636364,7.31818181818182,0.571511916173913
27055,9.0,6.5,0.827845590293348
27059,7.4,6.2,0.29495111577366306
27061,0.0,8.0,1.21878001243686
27063,5.0,5.0,0.541522963673795
27067,5.0,5.0,1.42376229610434
27083,7.0,8.0,0.3499824355693711
27085,7.33333333333333,7.66666666666667,0.7322289655479041
27087,7.0,7.0,1.06552463323662
27093,8.77777777777778,8.11111111111111,0.641184514043376
27095,8.75,8.75,0.27553130245419605
27097,6.0,8.0,0.452853994659373
27099,5.0,5.0,0.8404243893230741
27103,7.33333333333333,8.0,0.5761773693538721
27105,8.0,7.0,0.477267749834022
27109,7.75,7.58333333333333,0.699159747995483
27111,7.16666666666667,6.16666666666667,0.26803658509321104
27115,7.0,7.5,0.8247521544830021
27119,8.66666666666667,8.33333333333333,0.35102173062937
27123,7.75268817204301,7.73118279569892,0.53425383131426
27127,5.0,6.0,1.02011248001293
27131,8.33333333333333,8.0,0.31198865893048305
27133,9.0,9.0,0.27452855980643
27135,5.0,5.0,0.4455515713439209
27137,7.53846153846154,7.1153846153846105,0.540251964166914
27139,7.0,7.6,0.464814156182408
27141,8.1,7.7,0.359055122525986
27145,8.0,7.928571428571429,0.6383329068360649
27147,10.0,10.0,0.26059430886417
27149,7.0,6.0,0.212790373890218
27157,10.0,8.0,0.6595241348865251
27163,7.69565217391304,7.5217391304347805,0.537455805587041
27169,6.75,6.5,0.530782019443959
27171,7.5625,7.6875,0.517119868190777
28001,10.0,5.0,0.257781601777543
28003,10.0,10.0,0.650483581868085
28007,10.0,10.0,0.5304783939859571
28011,6.33333333333333,6.66666666666667,0.379081247802506
28021,9.0,5.0,0.113952197374426
28025,10.0,10.0,1.28708386217049
28029,8.0,8.0,0.7651092710540349
28031,8.0,10.0,0.593239553547834
28033,7.27272727272727,7.36363636363636,0.779094986567743
28035,7.5,7.6,0.6357301126629411
28039,7.0,7.0,1.0576153205189
28047,9.0,8.0,0.7223678203301829
28049,8.5,8.625,0.482334754386798
28057,5.0,8.0,1.24464347782501
28059,6.83333333333333,7.16666666666667,0.562310024265022
28067,5.0,5.0,0.35156670733905704
28071,7.692307692307692,7.8461538461538485,0.369224047206967
28075,5.0,10.0,0.629247142701328
28081,7.0,6.8,0.510504027636685
28087,8.0,8.0,1.0033055298391802
28089,7.5,9.0,-0.167738062674134
28093,6.0,8.0,1.1122142371623
28105,8.33333333333333,8.0,0.518539469546779
28107,9.0,10.0,-0.43418576529524894
28109,8.0,8.5,0.385716300358299
28115,9.0,8.0,1.25048571376861
28121,9.0,9.0,0.3601448702440521
28129,7.5,7.5,0.561419061336425
28137,10.0,9.0,0.954637124353975
28145,8.0,9.0,1.33216813204767
28149,4.0,10.0,-0.150932866467744
28155,10.0,9.0,0.8905673441123
28163,8.0,6.0,0.942966696752402
29001,9.0,7.0,0.3703829678154311
29005,5.0,5.0,0.524841819560007
29007,8.5,8.5,0.0799252243973393
29009,7.0,7.0,1.32655911102502
29013,5.5,6.0,0.399451831310319
29019,7.73170731707317,7.23170731707317,0.516500985446993
29021,7.0,8.0,0.79604804389121
29027,8.0,5.33333333333333,0.438389833473489
29029,7.5,5.5,0.547280092513729
29033,8.0,8.0,1.20033181966222
29037,7.16666666666667,7.33333333333333,0.00938946304292357
29039,10.0,10.0,-0.323638306297667
29043,7.5,7.5,0.9386996104699252
29047,7.18181818181818,6.40909090909091,0.615153307283244
29049,8.0,8.0,0.8724345543677691
29051,7.466666666666669,7.06666666666667,0.471463771573558
29061,5.0,5.0,0.0597560748607133
29071,7.2,6.6,0.811013295745037
29073,10.0,10.0,-0.0229277484019814
29077,7.5,6.5,0.455226193686204
29089,5.0,5.0,1.02881303291199
29095,7.428571428571429,7.357142857142861,0.550460220139217
29097,8.2,8.2,0.687901591078484
29099,7.0,8.0,0.54621509987503
29101,7.25,6.0,0.501131515022498
29105,5.0,5.0,0.566532522599521
29107,6.5,6.0,0.9928799971834692
29109,10.0,4.0,1.13604347204058
29111,8.0,6.0,0.792266852696698
29113,9.0,9.0,0.7222402374908828
29115,8.0,8.0,0.9472535553442
29121,8.0,8.0,0.9229289378381248
29127,9.66666666666667,9.33333333333333,0.7204854383216719
29145,8.0,8.0,0.646536073360272
29147,10.0,10.0,0.8926279218555699
29151,6.0,6.0,0.866348576592005
29157,9.0,9.0,1.02289111604191
29161,6.33333333333333,5.66666666666667,0.736929865070986
29165,8.142857142857139,8.13333333333333,0.562693819201945
29167,7.33333333333333,7.0,0.5969149064686939
29175,8.0,8.0,0.23134120539893105
29181,10.0,9.0,0.594987342392768
29183,7.95918367346939,7.75510204081633,0.6105297257410649
29185,8.0,9.0,0.775141150424193
29187,8.0,8.0,0.5896109790215699
29189,7.49450549450549,6.98901098901099,0.6043153923149239
29205,9.0,8.0,0.8781780034337451
29209,10.0,10.0,-0.180891516147274
29217,8.5,8.5,0.653542512771403
29219,8.0,6.5,0.860590207967508
29225,5.0,5.0,0.2629214813412989
29510,7.39393939393939,6.8484848484848495,0.472123785039021
30013,7.71428571428571,7.28571428571429,0.7269192665337659
30029,7.0,9.0,0.593655992937443
30031,8.05882352941176,7.411764705882349,0.32206374586014697
30037,10.0,9.0,0.4863499209339141
30047,9.0,9.0,0.147926859042366
30049,6.75,6.75,0.43062699811816296
30053,5.0,5.0,0.946369896334141
30061,9.0,5.0,0.4866314093037629
30063,7.6875,7.6875,0.399995569791437
30081,8.06666666666667,7.66666666666667,0.603214851146885
30093,5.0,5.0,1.06117777795155
30105,5.0,5.0,-0.264319602999675
30111,6.66666666666667,6.66666666666667,0.856568994376249
31001,8.4,7.6,0.773942258496123
31003,10.0,9.0,0.14161612655427402
31017,10.0,8.0,1.24498498593965
31019,8.642857142857139,7.571428571428571,0.5738105781445121
31021,9.0,8.0,0.360325108290346
31025,10.0,8.0,0.0418674210034928
31027,9.0,9.0,0.760573713188412
31031,6.0,5.0,1.07161132490315
31035,10.0,10.0,1.14801454328288
31037,10.0,10.0,0.735159733387751
31039,9.0,9.0,0.130001470133459
31043,10.0,10.0,0.856109249905476
31051,7.0,7.0,0.379200568941437
31053,7.5,10.0,0.0200152567196787
31055,8.17021276595745,7.91666666666667,0.670094010040139
31061,5.0,5.0,1.21154460992953
31079,6.0,6.0,0.424458948252273
31081,7.0,7.0,0.742833780240374
31093,8.0,9.0,0.788267026170581
31099,5.0,6.0,0.14843476442588
31109,7.571428571428571,7.41269841269841,0.55384241991425
31111,10.0,10.0,0.30792001453734497
31121,7.5,6.5,0.52325378180755
31131,6.33333333333333,5.66666666666667,0.967780071630438
31139,9.0,9.0,-0.28957426455767604
31141,9.0,8.0,0.968420327975385
31143,5.0,5.0,0.9291232737033192
31151,10.0,10.0,0.0459452352075259
31153,8.846153846153848,8.30769230769231,0.6224946957212779
31159,9.0,9.0,1.11381003428723
31177,9.5,9.5,0.290894586132004
31179,7.4,7.5,0.459175593585941
32001,7.0,6.5,0.0330856308937841
32003,7.52307692307692,7.784615384615378,0.5214927236670399
32005,7.5,8.0,0.0123473981752042
32007,7.0,9.0,1.16246522182173
32013,10.0,9.0,-0.305205391707574
32023,10.0,10.0,0.735727016566467
32031,7.91379310344828,7.68965517241379,0.4337781962459401
32510,7.33333333333333,7.0,1.0412827266445
33001,8.66666666666667,8.0,0.452356277952333
33003,7.25,7.0,0.718886698883194
33005,8.4,8.4,0.674471766591921
33007,6.75,6.75,0.830000194598215
33009,7.0,7.142857142857139,0.482697992011671
33011,7.51428571428571,7.571428571428571,0.577115745413716
33013,7.428571428571429,7.0,0.556538291112702
33015,7.571428571428571,8.142857142857139,0.497088858427679
33017,6.31578947368421,6.84210526315789,0.495480263707747
33019,8.0,7.0,0.798396391320668
34001,7.875,7.875,0.504036103004544
34003,7.307692307692308,7.435897435897441,0.590514198649362
34005,8.22222222222222,7.74074074074074,0.489584102401932
34007,7.36363636363636,7.4545454545454515,0.49885132796028
34009,8.0,8.0,-0.198405626956263
34011,4.8,6.4,0.35402120348495497
34013,7.7837837837837816,7.83783783783784,0.519649279582808
34015,6.8125,6.625,0.7739537280325459
34017,7.28571428571429,7.047619047619048,0.551095930774194
34019,7.7,7.7,0.5985790281002379
34021,6.68421052631579,6.42105263157895,0.6247075108572739
34023,7.4,7.342857142857139,0.532981158218533
34025,7.607142857142861,7.892857142857139,0.774310572583677
34027,8.30769230769231,7.923076923076921,0.503848442002834
34029,7.26086956521739,7.69565217391304,0.553475130393101
34031,7.06666666666667,6.66666666666667,0.753215066258707
34033,7.6,7.0,0.728488290037745
34035,7.57894736842105,7.68421052631579,0.35215386569947704
34037,8.18181818181818,8.54545454545454,0.5477102049585519
34039,7.31818181818182,7.36363636363636,0.473966056367745
34041,7.928571428571429,7.928571428571429,0.385099996120108
35001,7.0,6.59375,0.642408900598068
35005,9.0,10.0,0.765802842122739
35009,10.0,10.0,0.9936859996650172
35013,7.04,7.56,0.5998713577085811
35015,7.5,8.0,0.4007512701599579
35017,7.77777777777778,8.444444444444441,0.5446159218100121
35025,7.0,7.0,0.8055772878711099
35027,9.0,8.5,0.4526035781943011
35029,8.5,9.0,-0.414730988538266
35031,7.0,9.0,-0.0638797548287813
35041,10.0,10.0,-0.0567927999118905
35043,7.0,7.142857142857139,0.670384917476219
35045,7.83333333333333,8.16666666666667,0.48114058229732
35049,6.33333333333333,7.33333333333333,1.07836033170386
35057,5.0,5.0,0.467686519073504
35061,4.0,5.0,0.512963431595045
36001,7.6,8.36,0.503195434801512
36003,7.0,7.142857142857139,0.182099529297589
36005,7.35294117647059,7.52941176470588,0.5500811452713039
36007,7.83333333333333,7.0,0.6870412202127839
36009,7.25,7.25,0.464346987441564
36011,9.25,9.5,0.6306517819188461
36013,6.25,6.75,0.622691010928913
36015,7.5,7.0,0.8573756457933609
36021,6.33333333333333,6.0,0.7038224722969849
36023,10.0,10.0,0.8274665082687279
36025,5.0,5.0,0.555203440491738
36027,7.4,6.466666666666669,0.478646785274761
36029,7.0,7.40476190476191,0.597701924583906
36031,7.5,7.5,0.40813430047161
36033,9.0,7.5,0.12408241941859402
36035,8.0,8.0,0.108851375921786
36037,7.6,7.2,0.748731229016566
36045,8.66666666666667,7.66666666666667,0.825629898055968
36047,6.7906976744186,7.015503875968991,0.502178066952602
36049,7.0,6.0,0.7580022005813779
36051,7.428571428571429,6.857142857142861,0.525516381392321
36053,7.0,6.83333333333333,0.6717258338875711
36055,7.85483870967742,7.56451612903226,0.5539656659831
36057,6.5,7.5,-0.6996948349561151
36059,7.6875,7.875,0.6889464444640591
36061,7.22297297297297,7.42567567567568,0.513185018542492
36063,8.2,7.8,0.49968076225691
36065,6.642857142857139,6.78571428571429,0.715143652023626
36067,7.0,7.310810810810809,0.568424618304364
36069,7.83333333333333,8.0,0.672357862984405
36071,7.61904761904762,7.952380952380952,0.58717505691609
36073,10.0,10.0,0.8792912963727829
36075,8.0,6.75,0.6953581780753149
36077,10.0,9.0,0.0709791154496384
36079,6.0,6.33333333333333,0.35289955216386104
36081,7.28947368421053,7.14473684210526,0.520852151497616
36083,6.888888888888888,7.44444444444444,0.55111060289679
36085,8.5,8.33333333333333,0.624000340076114
36087,7.91666666666667,8.16666666666667,0.8769911545689281
36089,8.125,7.5,0.5425435900090201
36091,7.5454545454545485,7.72727272727273,0.525589446192673
36093,7.1153846153846105,7.692307692307692,0.620982145540162
36095,7.0,8.5,0.736780874316506
36097,8.0,8.5,0.8231515598753901
36099,8.0,10.0,-0.0801461790120179
36101,7.2,7.6,0.23877146085686105
36103,7.82278481012658,7.56962025316456,0.5679364717041989
36105,8.25,8.25,0.7735773787365692
36107,5.0,5.0,0.376465925288682
36109,6.98360655737705,7.229508196721309,0.405934921591229
36111,7.5,7.0,0.522213376115288
36113,9.0,8.0,-0.0892579344962646
36115,6.5,6.0,0.189034357401772
36117,7.83333333333333,6.83333333333333,0.392935405352854
36119,7.786885245901638,8.0,0.562923979934631
36121,8.5,8.5,0.753906051991264
36123,8.0,8.5,0.0665573966649166
37001,8.571428571428571,7.5,0.538260418777425
37007,10.0,10.0,0.887688508104519
37009,6.66666666666667,7.33333333333333,0.553217678962136
37013,6.0,6.0,-0.403371552788065
37019,5.0,5.0,1.04873685112127
37021,6.5,6.96153846153846,0.332456859349092
37023,6.66666666666667,6.66666666666667,0.4209470456912151
37025,7.0625,6.9375,0.49165362187555
37027,7.66666666666667,7.66666666666667,0.31821624641089696
37031,7.0,7.5,0.418917707725001
37035,8.25,6.75,0.8869120624641029
37037,9.0,9.0,0.9649272115921942
37039,5.0,5.0,0.0159163605196788
37045,9.5,8.5,0.4344975230349071
37049,7.25,8.0,0.962907506005889
37051,8.6875,8.75,0.418491689969314
37053,8.0,8.0,1.1127856844818302
37057,6.82608695652174,7.5217391304347805,0.445709592190818
37059,7.0,7.0,0.605255402673131
37061,8.0,8.83333333333333,0.6214321854465921
37063,7.0,7.02,0.394318268511548
37067,7.76635514018692,7.57009345794393,0.36917925706775895
37069,5.0,6.0,0.184890681025571
37071,8.16666666666667,8.0,0.3745383439584871
37075,10.0,10.0,0.736786940023884
37081,7.54838709677419,7.7741935483871,0.5475295861473161
37083,9.0,6.0,0.7595664066601341
37085,8.0,9.0,-0.483466109578809
37087,8.5,8.5,0.7832785964659642
37089,7.625,8.375,0.3682903327825109
37097,7.72727272727273,6.81818181818182,0.389287639114608
37099,7.1,7.8,0.637855710393968
37101,8.0,7.83333333333333,0.293932077051769
37105,6.0,6.0,0.5136864590250311
37109,8.5,7.0,1.02976138507834
37111,8.75,8.0,0.38697254571320505
37113,8.66666666666667,8.66666666666667,0.4726385152342071
37115,10.0,10.0,-0.42074385634101297
37117,9.0,8.0,0.7457574308886321
37119,7.8518518518518485,7.52592592592593,0.4909969482021671
37125,7.2,8.0,0.7110195555000791
37127,5.0,5.0,-0.31518124615499
37129,7.428571428571429,7.142857142857139,0.465895337682859
37131,10.0,10.0,0.500349532707245
37133,7.625,8.0,0.559500589226164
37135,8.02702702702703,7.72972972972973,0.4751568693696029
37139,9.5,8.0,0.8013825619209259
37141,9.5,8.5,0.486929400608233
37145,9.5,8.5,0.894196325022193
37147,8.0,8.071428571428571,0.508990450791002
37149,10.0,10.0,1.0918125121636
37151,7.0,8.0,0.8897548651377649
37153,7.0,8.0,0.802786676627361
37155,7.0,8.5,0.790885522622782
37157,6.5,8.0,0.244193009163738
37159,7.6,7.3,0.584297867699552
37161,8.5,9.0,0.8075369189012399
37163,8.66666666666667,7.66666666666667,1.0299350044466802
37167,9.66666666666667,8.66666666666667,0.7450460772570379
37169,6.75,7.5,0.5355485650130221
37171,6.25,6.25,0.288877688497566
37175,5.0,8.0,-0.18240987167369
37179,7.75,7.0,0.6829331420654151
37181,7.0,7.0,0.2650131428128
37183,7.75531914893617,7.70212765957447,0.5629789511947391
37185,8.5,9.5,0.9164552611316508
37189,7.857142857142861,7.857142857142861,0.402519749916251
37191,7.16666666666667,9.33333333333333,0.68663128909324
37195,10.0,10.0,0.0816705922635739
38003,4.0,4.0,1.18999637810533
38015,8.33333333333333,7.111111111111112,0.571046825068271
38017,7.571428571428571,7.5,0.497598497078608
38035,6.5,6.5,0.5969635835764581
38053,7.0,7.0,1.34634426274234
38055,10.0,10.0,0.927183327779748
38085,5.0,5.0,0.447360242977771
38089,8.0,8.0,1.1562066891525
38101,8.5,8.5,0.5342022121838901
39003,8.0,7.44444444444444,0.7371970224576829
39005,7.75,7.0,0.738680653917178
39007,6.0,8.66666666666667,0.399665542386543
39009,8.18181818181818,7.27272727272727,0.5665313029148249
39011,6.33333333333333,5.33333333333333,1.10225148236087
39013,8.0,8.66666666666667,0.29222901904805104
39015,8.0,6.0,1.02684529145749
39017,7.93103448275862,7.91379310344828,0.540510349256486
39021,8.5,7.5,0.564735487349329
39023,7.83333333333333,6.66666666666667,0.7799605963394591
39025,7.8125,8.1875,0.535039727670367
39033,5.0,5.0,0.834390977428997
39035,7.85333333333333,7.73333333333333,0.471659693956846
39037,8.0,8.0,0.8033776253111009
39041,7.83333333333333,7.53333333333333,0.531223495338993
39043,8.33333333333333,8.33333333333333,0.314539567883076
39045,7.428571428571429,7.0,0.6048365644339351
39047,5.0,5.0,0.584455735844405
39049,7.55450236966825,7.504761904761901,0.456485765461937
39051,7.33333333333333,7.0,0.336657088326961
39053,9.0,10.0,0.459441363895831
39055,7.25,8.0,0.622455247496484
39057,7.76470588235294,8.352941176470589,0.395615889844279
39061,7.90425531914894,7.88297872340426,0.516381292241949
39063,7.25,7.25,0.521952766119709
39065,7.8,6.6,0.9582359630059728
39067,7.0,8.0,0.13836779998425594
39069,5.0,5.0,0.221863451224383
39071,9.0,8.5,0.399044738738916
39079,5.0,8.0,0.472407109065724
39081,9.0,10.0,0.7599943722410899
39083,5.0,5.0,0.4479808446424989
39085,7.31578947368421,6.84210526315789,0.588881312031155
39087,9.0,10.0,0.088486866339373
39089,8.53846153846154,7.46153846153846,0.581188194232473
39091,8.0,6.0,0.336570556177183
39093,6.73333333333333,7.466666666666669,0.45656907813906
39095,8.2051282051282,7.8461538461538485,0.5668565346664771
39097,7.2,7.2,0.736476535455817
39099,5.0,5.33333333333333,0.416726130423802
39101,8.71428571428571,7.142857142857139,0.265980647368524
39103,8.28571428571429,7.5,0.505782524920262
39105,5.0,8.0,0.79564507738792
39107,8.0,8.33333333333333,0.6860898796940279
39109,8.33333333333333,7.0,0.265496998639708
39113,7.36666666666667,7.6,0.563627362601396
39115,8.0,8.0,0.815304158086361
39117,7.5,9.0,0.5518404529698271
39119,6.25,7.25,0.576357020606973
39123,9.0,9.5,0.464039856919281
39127,9.5,9.5,0.474570432021358
39129,6.66666666666667,7.16666666666667,0.5740821190074791
39133,7.75,7.65,0.6305704544910911
39135,10.0,8.0,1.3185463946296798
39137,10.0,9.0,0.43557769606272295
39139,5.0,5.0,0.427569840583567
39141,8.0,8.0,0.774961602429744
39143,10.0,10.0,0.6223043406716171
39145,5.0,5.0,0.680775761752121
39147,8.0,6.0,0.414899505907034
39149,7.5,8.5,0.264389371352326
39151,7.72413793103448,7.58620689655172,0.601504486565357
39153,7.88636363636364,7.40909090909091,0.6812803068709851
39155,7.66666666666667,8.66666666666667,-0.28526373533903004
39157,6.75,6.75,0.7475971029086942
39159,7.8,7.2,0.679214124552626
39165,8.368421052631579,8.10526315789474,0.569838532613668
39167,7.5,7.5,0.901886794016424
39169,7.25,7.08333333333333,0.398289106515806
39171,7.0,6.0,0.7830328377927479
39173,6.90476190476191,6.47619047619048,0.615212869162512
40005,5.0,5.0,0.0914539303929602
40017,7.2,7.0,0.574529724770667
40021,8.6,8.8,0.443042588049852
40023,5.0,8.0,1.05895184669417
40027,7.83720930232558,7.3023255813953485,0.307016076908012
40031,7.75,6.0,0.506496765813724
40037,9.2,9.2,0.5689302672615439
40039,8.0,8.0,0.810195492820415
40041,7.0,9.0,0.254708525397114
40047,8.0,8.0,1.0228752752742398
40049,8.0,8.0,0.272231479185852
40051,5.0,5.0,0.4929103072241379
40063,5.0,5.0,0.7636987232037491
40065,5.0,4.0,0.6076781358147719
40071,8.0,8.0,-0.391599991215326
40079,7.75,7.5,0.549650290429538
40085,8.0,8.0,1.0600866395195
40087,7.5,7.125,0.285702769950401
40095,6.0,6.0,0.708981408522938
40101,6.25,7.25,0.67237148833481
40109,7.53846153846154,7.51923076923077,0.5240112256133711
40113,8.5,8.5,-0.199103031379971
40119,8.125,7.875,0.643055690181286
40123,10.0,10.0,0.115114202302127
40125,7.2,7.2,0.32167151376866304
40131,6.0,4.5,0.0302130677568742
40135,8.33333333333333,9.0,0.638859186782321
40143,7.84210526315789,7.44736842105263,0.5553600093833381
40145,6.8,7.2,0.467627491058553
40147,8.33333333333333,8.33333333333333,0.32918541892518605
41003,7.107142857142861,7.178571428571429,0.5503327609663771
41005,8.0,7.875,0.4193488169652849
41009,5.0,5.0,0.937435137321196
41011,6.66666666666667,6.66666666666667,0.25851955433248497
41013,9.0,9.0,0.196580661052675
41017,7.25,7.25,0.6780780053191852
41019,6.75,7.25,0.6295724356795279
41029,7.761904761904758,7.71428571428571,0.337787173585331
41031,9.0,8.0,0.61269991891592
41033,7.2,7.8,0.6653214596724499
41035,5.0,7.0,0.0571031614006473
41037,7.0,7.0,0.657254590115535
41039,7.1875,7.28125,0.439218690081397
41041,6.5,5.25,0.379057485974062
41043,8.0,8.33333333333333,0.8787752425511449
41045,9.0,9.0,1.01762941575646
41047,7.392857142857139,7.357142857142861,0.5210839327264379
41051,7.25,7.43548387096774,0.503645923346055
41053,7.25,7.0,0.404152731634231
41057,9.0,9.0,-0.062616180156159
41059,5.5,5.5,0.191367700375559
41061,6.2,7.0,0.6876422105835229
41067,7.7045454545454515,7.52272727272727,0.6093627091890971
41071,7.4,7.7,0.21181816513524696
42001,7.4,7.4,0.350145315129833
42003,7.5,7.4038461538461515,0.5222608035905839
42005,6.66666666666667,5.33333333333333,0.434159164879064
42007,9.0,8.75,0.124134081138944
42009,10.0,10.0,0.437060715434404
42011,7.78571428571429,7.928571428571429,0.500582336367961
42015,7.0,6.83333333333333,0.51839325246266
42017,7.74358974358974,7.87179487179487,0.561452350436808
42019,8.11111111111111,8.22222222222222,0.4405183656634121
42021,6.5,7.0,0.5740569202333411
42025,7.5,7.0,0.739763017553318
42027,7.43478260869565,6.8695652173913,0.621558803538281
42029,7.22222222222222,6.822222222222218,0.4470655906101049
42031,9.0,9.0,0.6911352815254019
42035,8.75,8.5,0.856386499663961
42037,8.0,7.16666666666667,0.687953988749816
42039,8.0,8.0,1.28839506523081
42041,7.8,8.1,0.5463921349116689
42043,7.05263157894737,7.68421052631579,0.66958352404428
42045,7.52777777777778,7.45833333333333,0.4519364175203161
42047,7.5,7.5,0.5622025598271839
42049,6.18181818181818,6.81818181818182,0.34272303278322
42051,8.4,9.2,0.7621513383615759
42055,8.25,7.75,0.180746077109601
42061,6.75,6.75,0.6375778696196279
42063,5.90909090909091,7.0,0.577493349851277
42065,7.0,6.5,0.390389345536183
42069,7.13333333333333,6.73333333333333,0.6977608433115129
42071,7.617647058823531,7.705882352941179,0.540449271991884
42075,7.0,8.25,0.759761416408667
42077,7.28571428571429,7.28571428571429,0.677924608475163
42079,7.71428571428571,7.28571428571429,0.6694232214544039
42081,6.66666666666667,6.66666666666667,0.5701840046461379
42083,8.0,2.0,1.02723395217849
42085,8.28,6.8,0.435280992198505
42089,8.66666666666667,9.0,0.498298778111226
42091,7.508196721311481,7.54098360655738,0.5643515844349061
42095,7.09090909090909,7.5,0.579894435031842
42097,7.0,8.0,0.560399630801417
42101,7.23913043478261,7.39130434782609,0.548236898664538
42103,7.0,7.0,0.4167496794830901
42105,9.0,9.0,0.8894936049346881
42107,9.0,9.0,0.480387645283996
42109,5.0,5.0,0.8657296080788208
42111,6.0,6.75,0.3461079631009831
42115,9.0,9.0,0.794434215806794
42117,8.0,7.0,1.3932988132641202
42121,7.5,8.5,0.6831989229942061
42125,8.0,5.0,0.7068727137204309
42129,8.1875,8.125,0.7316827487132719
42133,7.3,7.6,0.695938412391975
44001,8.83333333333333,7.33333333333333,-0.122280020403209
44003,7.307692307692308,6.692307692307692,0.779538673934803
44005,6.33333333333333,6.33333333333333,0.530699932891465
44007,7.603174603174598,7.603174603174598,0.536747761571843
44009,7.6,8.0,0.40544352939452094
45003,7.81818181818182,7.90909090909091,0.7093352016554741
45007,8.2,8.0,0.611657586850984
45011,7.0,5.0,0.107931479426159
45013,5.6,5.0,0.552650525439217
45015,8.4,8.6,0.374285409433724
45019,7.73684210526316,7.36842105263158,0.534789972990278
45031,8.0,8.66666666666667,0.24106810635325895
45033,8.0,8.0,0.0959947075940056
45035,5.9,5.8,0.6374596915905
45039,10.0,8.0,1.1069667932084095
45041,2.0,8.0,0.5907126167465361
45043,10.0,10.0,0.391407099357119
45045,6.25,5.75,0.425648014051964
45051,6.22222222222222,7.22222222222222,0.514386773341978
45055,5.0,5.0,0.7278750257435909
45063,8.1,8.6,0.79948973235032
45067,9.0,8.0,0.928686452049858
45075,10.0,10.0,0.566835560783758
45077,6.5,6.33333333333333,0.37592571879855297
45079,8.125,8.04166666666667,0.591430790330427
45083,7.8,6.6,0.272456160220098
45085,7.4,8.8,0.226112815498785
45091,6.8,6.5,0.5929494804177281
46005,5.0,5.0,0.265993951321039
46009,8.0,10.0,0.684481822269294
46011,9.2,7.8,0.6246143711860179
46013,8.66666666666667,9.0,0.649646733760176
46015,5.0,5.0,0.0719408094948649
46027,9.25,9.5,0.252321592521973
46029,7.5,6.5,0.847487729389298
46033,8.0,9.0,0.4733087148729961
46035,8.19047619047619,7.80952380952381,0.638795088695545
46037,5.0,5.0,0.496937162310715
46045,6.0,5.0,0.399149129790144
46061,9.0,7.0,0.454547482882656
46065,8.33333333333333,7.33333333333333,0.462570241709159
46067,7.0,7.0,0.818455926853403
46077,9.5,9.5,0.7959943847923959
46081,10.0,10.0,0.7636102319930079
46087,6.5,8.5,0.810144772072167
46093,5.0,8.0,0.42833366438498
46099,7.13333333333333,7.33333333333333,0.17211342150147502
46103,8.125,7.375,0.5614427352985961
46107,10.0,10.0,0.9401413323365592
46123,8.0,10.0,0.18534118356529106
46127,8.0,8.33333333333333,0.4720302891901021
46135,8.25,8.75,1.0416946430972198
47001,5.0,5.0,1.12242769275238
47003,7.5,7.5,0.8584342698589541
47011,8.0,8.0,-0.18120372267034304
47015,10.0,10.0,-0.11016579456942098
47019,7.8,6.6,0.5982770443251221
47023,8.0,9.0,0.495409952784391
47029,7.0,8.0,0.577481551452226
47037,7.73170731707317,7.5609756097561,0.43174559652315897
47043,8.0,6.0,0.334928719583692
47059,7.5,8.0,-0.303558379757481
47063,7.0,7.0,0.47272720190923
47065,7.71428571428571,6.71428571428571,0.6371020903040551
47079,7.0,8.0,-0.166422994162947
47085,5.0,5.0,0.8397129485032021
47089,8.0,8.0,-0.7605851663323459
47091,5.0,5.0,0.31062615464764504
47093,7.13157894736842,6.81578947368421,0.529583195908587
47103,8.0,8.0,1.3435690597226
47105,8.66666666666667,8.66666666666667,0.6789716247456921
47107,8.0,9.0,0.9778652028593612
47109,10.0,10.0,0.0717435728163377
47111,10.0,9.0,0.505381878420768
47113,9.5,9.25,0.746109137209732
47117,7.5,8.0,0.216901278112144
47119,7.0,7.0,0.9618953063260052
47123,9.0,7.0,0.4788951751398231
47125,8.11111111111111,7.77777777777778,0.553894665869756
47129,8.0,7.0,0.7031087166443131
47133,9.0,9.0,0.257913392324496
47141,6.0,7.0,0.232720983686328
47147,7.5,7.5,0.5976935063832729
47149,8.11764705882353,8.0,0.602951530886374
47151,8.0,8.0,0.3778137225172439
47157,7.26315789473684,7.10526315789474,0.6100319786962879
47163,6.0,5.6,0.276172255894356
47165,7.66666666666667,6.0,0.6927122799724461
47167,8.0,8.0,0.855518570126117
47179,7.428571428571429,7.71428571428571,0.615698858125567
47183,7.25,7.25,0.622420976636407
47187,7.75,6.75,0.518329050697416
47189,9.33333333333333,9.0,0.92564445782169
48001,10.0,10.0,1.15647963296079
48003,9.0,10.0,-0.5372399560025221
48005,7.0,6.5,0.8851920707001221
48013,5.0,7.0,1.01424159481854
48015,8.0,6.0,0.721547426954658
48019,9.0,9.0,0.549527865048631
48021,7.5,7.75,0.633836748856369
48027,8.5,8.5,1.05291731327149
48029,7.52586206896552,7.5948275862068995,0.606247907667418
48031,5.0,5.0,0.338167418716331
48037,5.5,6.5,0.11361627584841698
48039,8.25,7.625,0.464412015719284
48041,8.555555555555559,8.555555555555559,0.855896138162187
48047,10.0,7.0,0.584817346999979
48051,8.0,8.0,0.389714159756687
48055,7.0,5.0,1.33636722020589
48061,7.16666666666667,7.44444444444444,0.467906082532948
48063,7.77777777777778,7.77777777777778,0.276995181028519
48067,5.0,5.0,-0.416724701629584
48077,8.0,10.0,0.495518691655142
48083,5.0,5.0,0.883201567208494
48085,7.56,7.64,0.584409720590992
48089,8.0,7.0,0.9708887373688208
48091,9.0,7.0,0.970047571603372
48113,7.3953488372092995,7.3953488372092995,0.594943929250456
48117,5.0,5.5,0.115108942504306
48121,7.44897959183673,7.48,0.484754286382913
48135,6.142857142857139,7.0,0.320998706813607
48139,7.5,9.0,0.8415095380543199
48141,7.802816901408451,7.915492957746482,0.555360844759575
48143,8.83333333333333,8.5,0.419957662264197
48149,4.0,7.0,0.748904492318764
48157,7.36363636363636,7.09090909090909,0.561856170828579
48167,7.58333333333333,7.83333333333333,0.36524936341062897
48181,3.0,7.0,0.684543821606776
48187,7.75,8.0,0.575079266346996
48193,9.0,8.0,0.492453146584363
48201,7.37662337662338,7.42207792207792,0.5197052218974161
48209,7.36842105263158,6.94736842105263,0.35611773537248403
48213,9.0,9.0,0.5851981099099339
48215,7.9545454545454515,8.77272727272727,0.22919621609312504
48221,7.0,7.0,0.9001882335283071
48223,5.0,5.0,0.570870503723917
48231,7.0,7.5,0.0817392787728859
48245,5.66666666666667,6.66666666666667,0.5798073110867901
48251,7.25,7.5,0.7122114805963491
48259,6.0,6.66666666666667,0.676662113716636
48279,8.0,8.0,-0.248592649321301
48303,7.84210526315789,8.10526315789474,0.358134419925771
48309,7.41666666666667,7.83333333333333,0.6772216189934829
48325,7.0,8.0,0.546269444399943
48329,8.2,8.0,0.483814666964293
48339,7.2,7.2,0.613124918235832
48343,7.75,7.5,0.6557531882057679
48347,10.0,8.0,1.05161724549564
48355,8.85714285714286,8.428571428571429,0.7304780364239329
48363,5.0,10.0,-0.146088979888061
48367,8.0,7.75,0.561189691953842
48369,6.0,7.0,0.951484674780346
48375,7.83333333333333,8.16666666666667,0.7654021224942671
48377,5.0,5.0,1.21367828068468
48381,8.0,7.4545454545454515,0.7431997170070301
48387,9.0,5.0,0.545415591378802
48397,6.83333333333333,6.66666666666667,0.8374727965710931
48423,8.22222222222222,7.55555555555556,0.6947041226320549
48425,9.0,9.0,0.505644837562809
48427,8.0,8.0,-0.32698628307109
48439,7.45833333333333,7.45,0.480320751074578
48441,7.0,6.5,0.0590049628134556
48449,7.617647058823531,7.441176470588241,0.40750293012897
48453,7.513888888888888,7.54166666666667,0.5047783785161629
48459,7.66666666666667,6.33333333333333,0.189021871634349
48463,9.25,9.25,0.35874261116781897
48469,9.0,8.5,0.3960625322286861
48475,9.0,10.0,0.503614943352656
48479,7.0,7.0,0.133956802067218
48485,9.0,9.0,0.373405515490233
48491,6.94736842105263,7.15789473684211,0.529413640576615
48493,6.0,6.0,0.953680070330205
48499,8.75,8.5,0.5292800156188789
48501,8.0,6.0,0.8235668237902098
48503,8.0,9.0,0.289940251294412
49003,10.0,10.0,0.718749367391513
49005,7.5217391304347805,7.60869565217391,0.476094694984393
49011,7.90196078431373,7.450980392156861,0.424609527016936
49013,7.875,7.75,0.300636899298547
49021,7.0,5.66666666666667,0.557819756688582
49035,7.78947368421053,7.67368421052632,0.504026454154377
49039,8.75,9.25,0.42778350836508505
49043,7.0,7.0,0.715637439033774
49045,7.66666666666667,7.33333333333333,0.8260989893413
49049,7.945945945945951,7.89041095890411,0.500444383096658
49053,9.0,4.0,0.966869374166164
49057,8.2,8.2,0.7776756913267459
50001,6.46153846153846,6.307692307692308,0.521203875592354
50003,5.33333333333333,8.0,0.224526822898423
50005,8.33333333333333,8.33333333333333,0.8238121605535759
50007,7.4390243902439,7.1219512195122014,0.5631629476882121
50011,7.571428571428571,7.571428571428571,0.742799056968769
50013,7.66666666666667,7.66666666666667,0.171700274739664
50015,7.0,6.375,0.505497495596145
50017,8.0,8.0,1.17747886095027
50019,8.0,8.5,0.647599202147962
50021,7.1538461538461515,7.1538461538461515,0.703999809324397
50023,6.5454545454545485,6.81818181818182,0.522839233553972
50025,7.8,7.8,0.210128315488653
50027,6.66666666666667,6.44444444444444,0.789027151961104
5005,5.0,8.0,1.36978114972374
5007,6.111111111111112,5.111111111111111,0.833506775428515
5009,9.0,10.0,-0.7176928984630309
5019,7.66666666666667,9.0,0.477921739821086
5031,7.33333333333333,7.0,0.16140793443031798
5041,10.0,10.0,0.614995177791026
5045,7.27272727272727,7.09090909090909,0.7283743284205909
5051,6.0,4.5,0.638341766293449
5053,6.0,4.0,0.810664430883758
5055,9.0,8.0,0.500687076587355
5065,9.0,9.0,0.911743105397248
5075,5.0,5.0,0.123291417827736
5085,6.5,7.0,0.6176071019153211
5095,5.0,2.0,0.959763718293752
51003,7.86666666666667,7.66666666666667,0.3789930964972679
51009,5.0,5.0,0.291820087659122
51011,5.0,5.0,0.383608317490077
51013,6.9,7.16666666666667,0.5348895519480901
51015,6.5,10.0,0.374127029902494
51019,10.0,8.0,0.614026331253613
51023,9.0,9.0,0.0596562855144304
5103,7.5,6.0,0.611391005775797
51035,7.0,8.0,0.216189989375325
51041,8.142857142857139,7.821428571428571,0.518319648616687
5105,8.0,8.0,1.38317114911899
51059,7.96341463414634,7.69512195121951,0.597749939813796
51061,7.0,7.5,0.606300823946636
51065,9.0,8.0,0.27755285724637
51067,6.0,6.0,0.547281622210474
51069,8.0,10.0,0.844817155124911
51075,5.75,7.0,0.650252266356224
51077,9.0,9.0,0.255641285098624
51079,9.0,9.0,-0.259278684360836
51085,7.35294117647059,6.588235294117651,0.6973829843305811
51087,7.53125,7.71875,0.5571525647204649
51089,8.0,8.0,1.05899305919259
51093,6.0,6.0,1.3427645291828605
51095,8.0,8.5,0.207527614560234
51099,7.5,8.0,0.107189850174641
51101,9.0,9.5,0.699316414910682
51103,10.0,6.0,0.771528539794037
51105,9.0,9.0,0.7165051956204329
51107,7.25,7.107142857142861,0.7023025622422371
51109,9.0,9.0,1.2549854626971295
5111,7.0,9.0,0.115325366179173
51121,6.94444444444444,7.66666666666667,0.356971787874234
51125,5.5,5.0,0.515547806388954
51127,8.0,9.5,0.8515686838121569
51133,8.0,8.0,0.82278930302993
51141,8.5,8.5,0.9397390852073192
51145,9.5,8.0,0.7310598771811322
51147,10.0,10.0,0.6192190339880811
51153,7.5,7.55,0.692113173962956
51155,5.0,5.0,-0.475191038172764
51161,8.25,7.5,0.4713732877275
51165,8.33333333333333,7.33333333333333,0.5331033732437561
5117,8.0,5.0,0.8037140083548929
51175,6.0,5.0,0.109560190337938
51177,7.0,7.5,0.0428189808049213
51179,7.5,7.66666666666667,0.569630254532965
51181,8.0,8.0,0.550162083691772
5119,7.25,6.79166666666667,0.6670295104579411
51197,7.66666666666667,8.0,0.735724499218456
5125,8.0,8.0,1.03438316074995
5131,5.5,6.25,0.693733090267438
5143,7.5,7.04166666666667,0.495770629838063
5145,6.4,6.6,0.6044524826922
5149,10.0,10.0,1.08083911648162
51510,7.0,7.428571428571429,0.419670697453671
51530,6.66666666666667,8.33333333333333,0.745325779716352
51540,7.911764705882349,7.67647058823529,0.51713428502517
51550,6.46153846153846,6.76923076923077,0.548200810564474
51590,8.5,8.5,-0.27792503360612103
51600,7.571428571428571,7.428571428571429,0.412965605214534
51610,6.0,6.0,0.792637247253681
51630,5.0,5.0,0.6506815223136609
51640,5.0,9.0,0.478436339580306
51650,7.0,7.0,0.616641402372068
51660,7.71428571428571,7.142857142857139,0.276465677219695
51678,6.0,7.0,0.242139381752346
51680,7.83333333333333,8.33333333333333,0.468416498403128
51683,6.8,7.0,0.334086621361385
51685,7.0,7.66666666666667,0.499144302907457
51690,7.0,7.0,0.571624537297011
51700,8.05882352941176,7.058823529411759,0.762950103641247
51710,6.8,6.4,0.633621049907496
51730,8.0,9.0,1.2463270419478
51735,9.0,10.0,1.07885761638331
51740,5.0,8.0,0.65061182659333
51750,7.63636363636364,7.0,0.4042621745767071
51760,7.882352941176469,7.52941176470588,0.508019352874255
51770,6.0,5.0,0.7111429465626091
51775,9.0,9.5,0.196679402416772
51790,7.0,6.0,1.05503643515827
51800,7.33333333333333,6.66666666666667,0.528516749738849
51810,7.09090909090909,7.36363636363636,0.696920052695823
51820,7.0,9.0,0.83134397923171
51840,8.0,8.0,0.8753144925885241
53005,7.36363636363636,6.86363636363636,0.653918705850062
53007,8.4,8.0,0.626634675345446
53011,7.642857142857139,7.71428571428571,0.513563930158151
53013,9.0,8.0,1.23902352494854
53015,7.0,8.0,0.354210606204226
53021,7.83333333333333,6.5,0.4217069282354871
53025,6.25,6.75,0.462104290545229
53027,8.0,8.0,0.909252385791274
53029,7.5,7.5,0.5125733309180239
53031,7.2,7.4,0.605741179126838
53033,7.31632653061224,7.275510204081629,0.501656786291629
53035,7.27272727272727,7.5454545454545485,0.861189108137705
53037,8.5,8.1,0.360551505841552
53045,6.33333333333333,6.83333333333333,0.608993286820665
53047,6.0,8.0,-0.290059201039828
53051,9.0,9.0,1.22357719965462
53053,7.206349206349209,7.46031746031746,0.5483389184536961
53055,6.0,6.0,0.9386696479841752
53057,8.33333333333333,8.0,0.478924787496665
53061,7.264150943396231,7.264150943396231,0.550873912884255
53063,7.346534653465349,7.41584158415842,0.5213170101625271
53065,5.75,6.0,0.707423344319051
53067,7.18181818181818,6.72727272727273,0.3889445912155399
53071,7.466666666666669,6.93333333333333,0.764646152913517
53073,7.2,7.177777777777782,0.623159022487625
53075,7.428571428571429,7.428571428571429,0.6588337704238989
53077,7.40909090909091,7.22727272727273,0.5138256381288839
54003,7.0,6.5,0.853597935000803
54005,7.0,8.0,0.918578300023636
54009,9.0,9.0,-0.131441903537759
54011,7.2,8.6,0.6822291553138541
54019,5.0,5.0,0.352683726818899
54027,9.0,9.0,1.11729909355397
54029,8.0,8.0,0.909657368052225
54031,10.0,9.0,0.5509701714154039
54035,8.0,8.0,0.7266707530970942
54037,8.0,8.0,1.01004096750752
54039,8.5,8.0,0.0166188093982423
54041,5.0,5.0,0.7339718430395099
54049,9.5,7.5,0.193436153073988
54051,5.0,5.0,0.3495331065215549
54055,5.0,5.0,0.0935377956955423
54057,7.0,7.0,0.4097481260836111
54061,7.81818181818182,7.72727272727273,0.8550253847456801
54067,7.5,8.0,0.9723889946397428
54069,6.5,6.0,0.500059950396582
54079,7.5,6.5,0.24693021821773894
54081,5.0,5.0,0.696313266314248
54083,8.0,8.0,0.622045104855829
54089,5.0,5.0,0.945197541837973
54097,8.66666666666667,8.33333333333333,0.7620561549633821
54099,5.0,9.0,-0.0729477532348982
54107,7.33333333333333,7.66666666666667,0.262865664200284
55005,8.5,8.5,0.6832605608111191
55009,7.6538461538461515,7.76923076923077,0.8507187080485551
55011,9.0,8.0,0.489098821853291
55013,10.0,10.0,0.230469094507382
55017,7.75,7.625,0.6433756651714421
55019,8.66666666666667,8.0,0.182962370067998
55021,6.857142857142861,5.14285714285714,0.545009081131656
55025,7.68421052631579,7.63815789473684,0.513079368423561
55027,8.0,7.33333333333333,0.18722409369134105
55031,8.5,8.25,0.480305952516308
55033,7.857142857142861,6.142857142857139,0.4600017343584221
55035,8.3,7.6,0.502999996627771
55039,7.33333333333333,7.08333333333333,0.619312276588879
55041,9.0,9.0,0.971985152673582
55043,6.0,8.4,0.319300462954365
55045,7.33333333333333,7.33333333333333,0.037838726789710994
55047,9.0,8.0,0.8648720997790881
55055,8.6,8.6,0.259822636419437
55059,6.33333333333333,6.83333333333333,0.641436448672387
55061,9.0,9.0,0.841358248398001
55063,8.47368421052632,8.42105263157895,0.4868997083745539
55065,5.0,7.0,0.862841537958695
55067,8.5,8.5,0.601073957264819
55069,7.6,7.8,0.891597099252554
55071,5.66666666666667,5.66666666666667,0.8292986485068069
55073,8.555555555555559,8.77777777777778,1.01684795863653
55075,8.16666666666667,8.33333333333333,0.262808607761835
55077,10.0,10.0,0.242468169002627
55079,7.30851063829787,7.18085106382979,0.5727933433739301
55081,9.0,9.0,-0.0152839098030602
55085,8.26666666666667,7.8,0.567016753453233
55087,8.0,8.09090909090909,0.695244435402044
55089,8.33333333333333,8.66666666666667,0.8441720552059829
55093,7.111111111111112,7.0,0.6411396626325421
55095,7.5,8.0,0.608456644046627
55097,8.0,7.625,0.491017164298848
55099,6.0,6.0,0.93106268125729
55101,6.941176470588241,7.705882352941179,0.5006100103626839
55105,7.473684210526319,8.157894736842099,0.47513837100363
55107,8.0,10.0,0.166727934941527
55109,7.888888888888888,8.444444444444441,0.6066140666319251
55111,8.33333333333333,8.66666666666667,0.567456027034745
55115,7.2,6.8,0.6598685117102371
55117,8.33333333333333,8.33333333333333,0.480571364769108
55119,5.0,4.0,0.0439347018167653
55121,9.0,9.0,-0.588339578486739
55123,7.5,7.0,0.4187430361951111
55125,7.25,8.0,0.302065283661801
55127,7.16666666666667,7.0,0.544301452383404
55129,8.0,8.0,0.768259146553983
55131,8.16666666666667,8.16666666666667,0.6170158561147769
55133,7.9,7.23333333333333,0.583411590093821
55135,8.33333333333333,8.33333333333333,0.9375212921651428
55139,5.66666666666667,6.33333333333333,0.4209209871885489
55141,6.75,7.5,0.640589770513829
56001,7.71428571428571,7.571428571428571,0.318038526084205
56005,8.0,8.0,0.5967189887150289
56015,5.0,5.0,0.34926422629821097
56021,5.0,8.0,0.463560629207904
56029,10.0,8.0,-0.00535480567374233
56035,10.0,10.0,0.293380152389078
56039,7.0,7.0,0.165470118602109
56041,7.66666666666667,7.66666666666667,0.755056977874316
6001,7.31914893617021,7.53191489361702,0.468013985308767
6005,9.5,8.0,0.3405770819556469
6007,7.75,7.45,0.6160131262765141
6009,8.0,8.0,-0.0632473253200607
6011,5.0,7.0,0.8307184644838179
6013,7.72,7.38666666666667,0.502297036068431
6017,7.875,8.25,0.368471353072747
6019,6.975,7.19512195121951,0.639754272794792
6021,7.142857142857139,7.857142857142861,0.0353765893498139
6023,6.5,6.357142857142861,0.647253442991544
6025,8.23076923076923,9.07692307692308,0.508405135838101
6029,7.411764705882349,7.705882352941179,0.38238606620482507
6031,6.75,8.0,0.306331298191943
6033,8.0,9.0,0.5447149814380949
6035,10.0,10.0,1.05900655047123
6037,7.50235849056604,7.64622641509434,0.500173009596492
6039,9.66666666666667,10.0,0.43080984082061297
6041,7.3,7.75,0.6329244972100171
6045,10.0,10.0,0.0633833648608675
6047,7.142857142857139,6.857142857142861,0.34136511779304496
6053,7.384615384615389,7.53846153846154,0.477655341875388
6055,7.2,7.26666666666667,0.663623037510683
6057,7.0,7.2,0.582464988740726
6059,7.0204081632653095,7.2585034013605405,0.5057354930950129
6061,7.47727272727273,7.13636363636364,0.3900325163431699
6063,10.0,10.0,0.26003566957331503
6065,7.546875,7.734375,0.4512374724151
6067,7.5517241379310285,7.4482758620689715,0.497182767340331
6069,7.0,7.75,0.8000182904529091
6071,7.71232876712329,7.31506849315068,0.524051397605361
6073,7.48275862068965,7.438423645320199,0.559955984980353
6075,7.27777777777778,7.05555555555556,0.539598345444872
6077,7.51724137931035,7.68965517241379,0.503966400329539
6079,6.47058823529412,6.47058823529412,0.538012867674967
6081,7.442307692307692,7.634615384615389,0.5131390292050301
6083,7.428571428571429,6.28571428571429,0.5363721814982829
6085,7.188976377952759,7.212598425196849,0.562282337806996
6087,7.148648648648652,7.1081081081081114,0.502642847704614
6089,9.5,9.5,0.385470333890457
6093,9.0,10.0,1.29982389423405
6095,7.72222222222222,7.33333333333333,0.5105452961765939
6097,7.888888888888888,7.47222222222222,0.477182537632863
6099,7.35,7.55,0.632972465763453
6101,7.2,9.0,0.6741398322424561
6103,8.5,7.5,0.26646589698320805
6107,6.0,6.8,0.585873308117894
6109,9.0,9.0,0.6797102129272761
6111,7.575,7.85,0.658653176943674
6113,7.04166666666667,6.95833333333333,0.5589809026118829
6115,9.0,9.0,0.7034371428391301
72025,10.0,4.0,0.959475030481993
72127,5.0,5.0,0.901749226029927
72135,5.0,5.0,-0.038198432877771
8001,7.72972972972973,7.1081081081081114,0.5312532885223921
8005,7.72727272727273,7.51515151515152,0.464573488558024
8013,7.7,7.13333333333333,0.43592479317219
8014,7.13333333333333,6.26666666666667,0.525304783194765
8015,6.25,6.375,0.5597689388350571
8019,5.0,5.0,-0.24639208435058105
8025,5.0,6.0,0.311691129385489
8031,7.5887096774193505,7.70161290322581,0.465477719363346
8035,7.73333333333333,7.76666666666667,0.31068073387630296
8041,7.0204081632653095,7.0625,0.4582673384807829
8043,4.33333333333333,7.33333333333333,0.278096166647895
8045,8.5,8.5,0.377550524000495
8059,7.28169014084507,7.33802816901408,0.429939627594475
8067,5.33333333333333,7.0,1.2886532515705902
8069,7.74468085106383,7.61702127659574,0.56613156400308
8075,9.0,7.0,1.28546953902716
8077,7.44444444444444,7.22222222222222,0.5353090610767349
8081,9.0,8.0,0.900925476258774
8083,8.0,8.0,0.322112321351997
8085,7.66666666666667,7.66666666666667,0.754954875549317
8087,6.66666666666667,6.66666666666667,0.267950993991834
8089,7.5,7.5,-0.24913988727449105
8093,8.0,4.0,0.220769290321161
8101,6.66666666666667,6.33333333333333,0.45658061018507
8109,5.0,5.0,0.19102436234864895
8119,8.0,5.0,0.9460577057393792
8123,7.76315789473684,7.42105263157895,0.387144743655807
9001,7.627450980392162,7.627450980392162,0.599282688985432
9003,7.66355140186916,7.7196261682243,0.6798195576975079
9005,7.5,7.83333333333333,0.652054155761391
9007,8.83333333333333,7.83333333333333,0.652170063848866
9009,7.572815533980581,7.233009708737861,0.544979881254806
9011,8.125,7.5,0.408458928994342
9013,7.27272727272727,6.27272727272727,0.908215367845789
9015,6.8,7.7,0.6116088598713649
